{
  "hash": "b5670a77",
  "configHash": "b5bdefb0",
  "lockfileHash": "d1478850",
  "browserHash": "1a4cb621",
  "optimized": {
    "@angular/common": {
      "src": "../../../../../node_modules/@angular/common/fesm2022/common.mjs",
      "file": "@angular_common.js",
      "fileHash": "78373407",
      "needsInterop": false
    },
    "@angular/common/http": {
      "src": "../../../../../node_modules/@angular/common/fesm2022/http.mjs",
      "file": "@angular_common_http.js",
      "fileHash": "6e98889f",
      "needsInterop": false
    },
    "@angular/core": {
      "src": "../../../../../node_modules/@angular/core/fesm2022/core.mjs",
      "file": "@angular_core.js",
      "fileHash": "3db10d55",
      "needsInterop": false
    },
    "@angular/forms": {
      "src": "../../../../../node_modules/@angular/forms/fesm2022/forms.mjs",
      "file": "@angular_forms.js",
      "fileHash": "07cc1d91",
      "needsInterop": false
    },
    "@angular/platform-browser": {
      "src": "../../../../../node_modules/@angular/platform-browser/fesm2022/platform-browser.mjs",
      "file": "@angular_platform-browser.js",
      "fileHash": "b409b5ca",
      "needsInterop": false
    },
    "@angular/router": {
      "src": "../../../../../node_modules/@angular/router/fesm2022/router.mjs",
      "file": "@angular_router.js",
      "fileHash": "5556692c",
      "needsInterop": false
    }
  },
  "chunks": {
    "chunk-VZAMPRR3": {
      "file": "chunk-VZAMPRR3.js"
    },
    "chunk-PDRTZV4O": {
      "file": "chunk-PDRTZV4O.js"
    },
    "chunk-B5HUQXFL": {
      "file": "chunk-B5HUQXFL.js"
    },
    "chunk-SRYCPNOB": {
      "file": "chunk-SRYCPNOB.js"
    }
  }
}